nome,nicho,cidade,endereco,telefone,whatsapp,website,email,avaliacao,num_avaliacoes,instagram,facebook,observacao,relevancia
Clínica Odontológica | Rede Odonto Duque de Caxias,dentista,Duque de Caxias,"R. Mariano Sendra dos Santos, 88 - Salas 502 a 505 - Centro, Duque de Caxias - RJ, 25010-080, Brazil",+55 21 3959-4647,+55 92 9952-66811,https://www.redeodonto.com.br/associadas,recepcao@redeodonto.com.br,4.9,593,@redeodonto,,,10
Dentista 24 horas - Clínica SoRio emergência dentista de Duque de Caxias,dentista,Duque de Caxias,"R. Tarce Menezes de Freitas Lima, 15 - sala 101 - Parque Pauliceia, Duque de Caxias - RJ, 25070-110, Brazil",+55 21 97214-8378,+55 21 9721-48378,https://emergenciadentistacaxias.com.br/,clinicasorio@gmail.com,4.9,2222,@clinicasorio,facebook.com/clinicasorio,,10
Dra. Mariana Frauches Odontologia,dentista,Paracambi,"Estação Paracambi - R. Pref. Délio Basílio Leal, 500 - Shopping - Sala 106 - Centro, Paracambi - RJ, 26600-000, Brazil",+55 21 95100-2049,+55 21 9510-02049,http://www.dramarianafrauches.com.br/,consultoriofrauches@gmail.com,5,94,@dramarianafrauches,,,10
Simiquel Odontologia,dentista,Paracambi,"Av. dos Operários, 371 - Centro, Paracambi - RJ, 26600-000, Brazil",+55 21 2683-2549,+55 21 9896-62549,http://simiquelodontologia.com.br/,contato@simiquel.com.br,5,316,@simiquelodontologia,https://www.facebook.com/SimiquelOdontologia,,10
Dr. Daniel Barbosa - Advogado de Família e Inventários,advogado,Belford Roxo,"em frente a Lubrisol - Rua Sâo José, Casa 15, Conjunto Terra Nova - Bom Pastor, Belford Roxo - RJ, 26110-260, Brazil",+55 21 96616-1154,+55 21 9661-61154,https://drdanielbarbosa.com.br/,contato@drdanielbarbosa.com.br,5,65,@dr_daniel_barbosa_adv_familia,https://www.facebook.com/danielconcurseirofocado,,10
Leonardo López - Advogado criminalista,advogado,Queimados,"R. Ver. Marinho Hemeterio Oliveira, 853 - sala 702 - Pacaembu, Queimados - RJ, 26323-292, Brazil",+55 21 97297-3596,+55 21 9866-37327,http://www.leonardolopezadv.com.br/,leonardolopezadv@gmail.com,5,93,@leoslopez,,,10
Bruna Barcelo Advocacia,advogado,Mesquita,"R. Hercília, 1160 - Centro, Mesquita - RJ, 26580-131, Brazil",+55 21 99832-6163,+21998326163,https://brunabarceloadv.com.br/,vivaldopaixao65.2@gmail.com,5,27,@drabrunabarcelo,http://facebook.com/drabrunabarcelo,,10
Rosa & Cordeiro Advogados,advogado,Belford Roxo,"R. João Fernandes Neto, 1019 - Centro, Belford Roxo - RJ, 26130-050, Brazil",+55 21 98818-8855,+55 21 9881-88855,http://www.rosaecordeiro.com.br/,contato@rosaecordeiro.com.br,4.9,80,@rosa.e.cordeiro,,,10
Dra Ana Alice- Advogado criminalista - 24 horas.,advogado,Nova Iguaçu,"R. Min. Edgar da Costa, 80 - sala 411 - Centro, Nova Iguaçu - RJ, 26220-070, Brazil",+55 21 99238-3747,+55 21 9923-83747,https://www.anaaliceadv.com.br/,anaalicerpm.adv@gmail.com,5,11,@advluana.moura,,,10
Viana & Sena Advocacia e Consultoria,advogado,Japeri,"Av. Tancredo Neves, 48 - sala 103 - Cidade Sr. do Bonfim, Japeri - RJ, 26410-050, Brazil",+55 21 96656-7105,+55 21 9665-67105,http://www.vianaesena.com.br/,vianaesena@gmail.com,5,64,@vianaesena,,,10
Dental Nova Iguaçu,dentista,Nova Iguaçu,"Av. Gov. Amaral Peixoto, 431 - Centro, Nova Iguaçu - RJ, 26210-060, Brazil",+55 21 2601-1065,,https://dentmais.com.br/,contato@dentmais.com.br,4.9,100,@dentmais,http://www.facebook.com/dentmais,,8
ORTOLOOK Nilópolis - Clínica Odontológica,dentista,Nilópolis,"Av. Getúlio Vargas, 1336 - Loja 102 - Centro, Nilópolis - RJ, 26510-290, Brazil",+55 21 96989-4186,,https://clinicaortolook.com.br/institucional/,contato@ortolook.com.br,4.7,112,@ortolook.tijuca,https://www.facebook.com/profile.php?id=100095491513947,,8
Clínica Odontológica Oral 360 Nova Iguaçu | Dentista | Implantes Dentários,dentista,Nova Iguaçu,"R. Otávio Tarquino, 141 - sobreloja - Centro, Nova Iguaçu - RJ, 26210-171, Brazil",+55 21 99813-3001,,http://www.oral360.com.br/,faleconosco@oral360.com.br,4.9,228,@clinicas.oral360,https://www.facebook.com/rededeclinicasoral360,,8
Instituto Odontológico Dra. Monique Pimentel,dentista,Paracambi,"Av. dos Operários, 540 - Centro, Paracambi - RJ, 26600-000, Brazil",+55 21 96864-2602,,https://www.dramoniquepimentel.com.br/,clinicadramoniquepimentel@gmail.com,5,101,@clinicadra.moniquepimentel,https://www.facebook.com/WixPortugues,,8
Clínica Odontológica Dr.ª Monique Pimentel,dentista,Paracambi,"R. Dep. Romeu Natal, 796 - Lages, Paracambi - RJ, 26600-000, Brazil",+55 21 2683-5343,,https://www.dramoniquepimentel.com.br/,clinicadramoniquepimentel@gmail.com,4.8,81,@clinicadra.moniquepimentel,https://www.facebook.com/WixPortugues,,8
Clínica Mazza Odontologia - Implantes Dentários em Mesquita e Lente para os Dentes,dentista,Mesquita,"Rua Aluisio Pinto de Barros, 375 - Centro, Mesquita - RJ, 26553-010, Brazil",+55 21 98993-6772,,https://www.doctoralia.com.br/vanessa-mazza/dentista/mesquita,suporte@doctoralia.com,5,102,@doctoralia_br,https://www.facebook.com/doctoralia.br,,8
Fênix Odonto Queimados,dentista,Queimados,"Av. Irmãos Guinle, 1111 - Vila do Tinguá, Queimados - RJ, 26311-070, Brazil",+55 21 2665-3679,,https://www.facebook.com/fenixodontoqueimados/,clinicafenixodontoqueimados@gmail.com,5,531,,https://www.facebook.com/fenixodontoqueimados/,Site é só Facebook | sem Instagram,8
Nascimento Advogados,advogado,Belford Roxo,"R. João Fernandes Neto, 1.175 - Sala 302 - Centro, Belford Roxo - RJ, 26130-050, Brazil",+55 21 3748-0148,,http://www.nascimentoadv.adv.br/,contato@nascimentoadv.adv.br,5,35,@advogados.nascimento,http://www.facebook.com/advogados.nascimento,,8
COS Advocacia,advogado,Queimados,"R. Félix, 1561 - sala 201 - Centro, Queimados - RJ, 26383-260, Brazil",+55 21 99946-8708,,https://cosadvocacia.com.br/,contato@cosadvocacia.com,5,37,@camilasoliveiras,,,8
ADVOGADO RONIE SILVA (ESPECIALISTA EM BPC/LOAS - INSS) - RJ.,advogado,Nova Iguaçu,"R. Iracema Soares Pereira Junqueira, 85 - 314 - Centro, Nova Iguaçu - RJ, 26210-260, Brazil",+55 21 98592-2351,,https://www.facebook.com/advogadoroniesilva,advogadoronie@gmail.com,5,132,,https://www.facebook.com/advogadoroniesilva,Site é só Facebook | sem Instagram,8
Brito & Freitas Advogados Associados,advogado,Mesquita,"R. Pref. José Montes Paixão, 1971 - Centro, Mesquita - RJ, 26553-161, Brazil",+55 21 2696-2224,,http://www.britofreitasadv.com/,brito.advogados@gmail.com,4.9,50,@britofreitas.advogados,http://www.facebook.com/392140867914759,,8
MARCELO RIBEIRO ADVOGADO CRIMINALISTA,advogado,Mesquita,"Rua Barão de Salusse, 593 - Edson Passos, Mesquita - RJ, 26584-030, Brazil",+55 21 96444-9985,,https://advmarcelocribeiro.com.br/,marceloribeirorj1969@gmail.com,5,102,@advmarcelocribeiro,,,8
Narciso & Narciso Advogado em Nova Iguaçu,advogado,Nova Iguaçu,"R. Iracema Soares Pereira Junqueira, 85 - Sala 1.203 - Centro, Nova Iguaçu - RJ, 26215-215, Brazil",+55 21 96468-8846,,https://narcisoenarciso.adv.br/,contato@narcisoenarciso.adv.br,4.9,53,@narcisoassociados,,,8
Jefferson Silva - Advocacia Criminal,advogado,Seropédica,"R. Emília dos Santos, 1 - sala 2 - Campo Lindo, Seropédica - RJ, 23898-060, Brazil",+55 21 97946-8557,,https://oadvogadocriminal.com.br/,jeffersonnsilva.adv@gmail.com,5,57,@jsilva_adv,,,8
Custódio Advocacia,advogado,Nilópolis,"Av. Carmela Dutra, 1880 - 3 andar - Centro, Nilópolis - RJ, 26530-020, Brazil",+55 21 96650-2531,,http://advscustodio.com.br/,contato@advscustodio.com.br,5,65,@advscustodio,https://www.facebook.com/custodio.advs,,8
Neves Silva Advogados,advogado,São João de Meriti,"R. Gessyr Gonçalves Fontes, 115 - sala 401 - Centro, São João de Meriti - RJ, 25520-570, Brazil",,+55 21 9669-95278,http://www.nevessilva.com/,contato@nevessilva.com,5,754,@advcristianoneves,,,8
Noelia Aquino Advocacia,advogado,Seropédica,"Av. Min. Fernando Costa, 974 - sala 207 - Boa Esperança, Seropédica - RJ, 23894-358, Brazil",+55 21 98078-4683,,https://www.noeliaaquinoadv.com.br/,noeliaaquino@gmail.com,5,24,@noeliaaquinoadv.prev,,,8
❤️M & G Advogados | Advogado Duque de Caxias | Escritório de Advocacia,advogado,Duque de Caxias,"Av. Pres. Vargas, 96 - 6º andar - Centro, Duque de Caxias - RJ, 25070-330, Brazil",+55 21 99632-4907,,https://advogadoriodejaneiro.com/advogadoemduquedecaxias/,magalhaesegomesadv@gmail.com,4.9,76,@meg.advogados,,,8
"Advogado Magnus Rossi - Especialista em Liminares de Urgência nos Direitos à Saúde, Consumidor e Família",advogado,Duque de Caxias,"Edifício Profissional - Praça Roberto Silveira, 15 - sala 601 - Jardim 25 de agosto, Duque de Caxias - RJ, 25070-005, Brazil",+55 21 97094-9000,,https://magnusrossi.com.br/,advogado@magnusrossi.com.br,5,128,@https,https://www.facebook.com/MAGNUSADVOGADO,,8
Thaísa Custódio I ADVOCACIA,advogado,Duque de Caxias,"Edifício Profissional - Praça Roberto Silveira, número 15, sala 606 - Jardim Vinte e Cinco de Agosto, Duque de Caxias - RJ, 25070-005, Brazil",+55 21 96821-5149,,http://www.thaisacustodioadvocacia.com.br/,adv.thaisacustodio@gmail.com,5,67,@thaisacustodio.adv,,,8
Santos e Silva Advocacia,advogado,Seropédica,"Rua Albino Gomes da Silva, 7 - SALA 103 - Centro, Seropédica - RJ, 23895-215, Brazil",+55 21 96755-8072,,https://ramonsantosadvocacia.com.br/,contato@ramonsantosadvocacia.com.br,5,60,@ramonsantosadvocacia,,,8
Joanna Salles Advocacia,advogado,Itaguaí,"R. Gen. Bocaiúva, 880 - Sala 103 - Centro, Itaguaí - RJ, 23815-310, Brazil",+55 21 99455-2007,,https://joannasallesadv.com/,juridico@phd.srv.br,5,30,@drajoannasalles,https://www.facebook.com/joanna.salles.7,,8
Shayane Couto Advocacia | Pensão alimentícia - Divórcio - Regulamentação de guarda,advogado,Itaguaí,"Av. Dep. Octávio Cabral, 740 - Sala 818 - Jardim America, Itaguaí - RJ, 23810-305, Brazil",+55 21 96492-1359,,https://shayanecoutoadv.com.br/,contato@shayanecoutoadv.com.br,5,37,@shayanecouto.adv,,,8
"Dra. Rosana Pontremolez, Dermatologista",clínica estética,Paracambi,"Av. dos Operários, nº 70 - sala 203 - Centro, Paracambi - RJ, 26600-000, Brazil",+55 21 3678-7500,,https://www.doctoralia.com.br/rosana-pontremolez-2/dermatologista/paracambi?utm_source=google&utm_medium=gmb&utm_campaign=696219&utm_content=website,suporte@doctoralia.com,5,13,@doctoralia_br,https://www.facebook.com/doctoralia.br,,8
Maislaser Paracambi,clínica estética,Paracambi,"R. Dr. Nilo Peçanha, 430 - sala 02 - Centro, Paracambi - RJ, 26600-000, Brazil",+55 21 99764-8348,,https://www.maislaser.com.br/,leonardo.guariso@gcomunicacao.com,4.9,70,@maislaserbyanahickmann,https://www.facebook.com/maislaserbyanahickmann,,8
Clinica Bianca Souza,clínica estética,Belford Roxo,"Av. Joaquim da Costa Lima, 351 - Ap 101 - Centro, Belford Roxo - RJ, 26112-055, Brazil",+55 21 2761-0269,,https://www.facebook.com/clinicabiancasouza/,esteticabiancass@gmail.com,5,42,,https://www.facebook.com/clinicabiancasouza/,Site é só Facebook | sem Instagram,8
Estética Avançada e Harmonização Facial e Corporal - Leila Garcia,clínica estética,Magé,"Rua: Eduardina de Miranda Telles, 250 - Piabetá, Magé - RJ, 25931-774, Brazil",+55 21 97044-9349,,https://draleilagarciaestetica.com.br/,lgesteticafacialecorporal@gmail.com,5,27,@leilagarcia_estetica,,,8
Royal Face Clínica de Estética - Itaguaí,clínica estética,Itaguaí,"R. Gen. Bocaiúva, 10 - loja A - Centro, Itaguaí - RJ, 23815-310, Brazil",+55 21 99558-9783,,https://royalface.com.br/,sac@royalface.com.br,5,47,@royalfaceoficial,https://www.facebook.com/RoyalFaceBrasil,,8
MT odonto,dentista,Duque de Caxias,"Av. Duque de Caxias, 46 - Centro, Duque de Caxias - RJ, 25070-070, Brazil",+55 21 95937-6866,+55 21 9593-76866,https://mtodonto.com.br/pagina-principal,nanamachado31@gmail.com,5,526,@mt.odonto,,sem email,7
Service Odonto Belford Roxo 1,dentista,Belford Roxo,"Praça Getúlio Vargas 72 - Aptº 202 - Centro, Belford Roxo - RJ, 26130-070, Brazil",+55 21 98744-2039,+55 21 9874-42039,https://www.serviceodonto.com.br/,clinicaodontobelfordroxo@gmail.com,4.8,90,@clinicaserviceodonto,,sem email,7
Dentista Belford Roxo RJ | Amil Hapvida Metlife Primavida Sulamérica Unimed,dentista,Belford Roxo,"Av. Benjamin Pinto Dias, 1130 - Sala 105 - Vila Dagmar, Belford Roxo - RJ, 26130-170, Brazil",+55 21 2263-8960,+55 21 2263-8960,https://021dental.com.br/dentista-em-belford-roxo/,belfordroxo-centro@odontocompany.com,4.6,386,@021dental_clinica,https://www.facebook.com/Clinica021Dental,sem email,7
Dentista Duque de Caxias RJ | Amil Hapvida Metlife Primavida Sulamérica Unimed,dentista,Duque de Caxias,"R. Conde de Porto Alegre, 477 - Salas 908 / 910 - Jardim Vinte e Cinco de Agosto, Duque de Caxias - RJ, 25070-350, Brazil",+55 21 2263-8960,+55 21 2263-8960,https://021dental.com.br/dentista-em-duque-de-caxias/,duquedecaxias@odontocompany.com,4.4,633,@021dental_clinica,https://www.facebook.com/Clinica021Dental,sem email,7
Service Odonto Duque de Caxias 5,dentista,Duque de Caxias,"R. Manoel Correia, 106 - Sala 201 - Centro, Duque de Caxias - RJ, 25010-140, Brazil",+55 21 98744-2039,+55 21 9874-42039,https://www.serviceodonto.com.br/,financeiroodccaxias290@gmail.com,4.8,189,@clinicaserviceodonto,,sem email,7
Service Odonto Nilópolis,dentista,Nilópolis,"Estrada Mirandela 273 -sala 1 e 2 - Centro - Nilópolis - RJ Nilópolis, Rio de Janeiro - RJ, 26520-330, Brazil",+55 21 98744-2039,+55 21 9874-42039,https://www.serviceodonto.com.br/,ouvidoria@fs.rj,4.9,163,@clinicaserviceodonto,,sem email,7
Clínica Odontológica Dent Sam - Dr Pablo Monsôres,dentista,São João de Meriti,"R. Antônio Teles de Menezes, 33 - Centro, São João de Meriti - RJ, 25520-580, Brazil",+55 21 97535-1797,+55 21 9753-51797,http://www.dentsam.com/,2024-12-28@15.51_edite,4.9,232,@clinicadentsam,https://www.facebook.com/clinicadentsam,sem email,7
Dentista São João de Meriti RJ | Amil Hapvida Metlife Primavida Sulamérica Unimed,dentista,São João de Meriti,"Rua Gessyr Gonçalves Fontes, 115 Salas 804/805 - Centro, São João de Meriti - RJ, 25520-570, Brazil",+55 21 2263-8960,+55 21 2263-8960,https://021dental.com.br/dentista-em-sao-joao-de-meriti-rj/,dra.suelenmascouto@gmail.com,4.6,453,@021dental_clinica,https://www.facebook.com/Clinica021Dental,sem email,7
Prórir Clínica Odontológica Coelho da Rocha - São João de Meriti,dentista,São João de Meriti,"R. Arnaud Guedes de Amorim, 156 - Coelho da Rocha, São João de Meriti - RJ, 25550-570, Brazil",+55 21 96583-2973,+55 21 9817-12708,https://prorir.com.br/clinicas-prorir/sao-joao-de-meriti/,prp.odontologia@yahoo.com.br,4.7,35,@redeprorir,,sem email,7
StyloDentes Dental Clinic,dentista,Nilópolis,"R. Pedro Á. Cabral, 256 - Sala 403 - Centro, Nilópolis - RJ, 26525-052, Brazil",+55 21 2263-8960,+55 21 2263-8960,https://021dental.com.br/dentistas-nilopolis/,jack@greensock.com,4.5,110,@021dental_clinica,https://www.facebook.com/Clinica021Dental,sem email,7
Doutores do Sorriso,dentista,Magé,"R. Dr. Siqueira, 462 - Centro, Magé - RJ, 25900-094, Brazil",+55 21 97138-0381,+55 22 9961-73586,https://doutoresdosorrisorj.com.br/,doutoresdosorrisocabofrio@gmail.com,4.9,380,@doutoresdosorrisoo,https://www.facebook.com/profile.php?id=61556387516936,sem email,7
NovaOral Center,dentista,Seropédica,"Av. Min. Fernando Costa, 1103 - Fazenda Caxias, Seropédica - RJ, 23895-265, Brazil",+55 21 99000-6795,,https://novaoralcenter.com/,novaoralcenter@gmail.com,4.8,513,,,sem Instagram,7
Sorria Sim Clínicas Odontológicas - Magé,dentista,Magé,"Av. Padre Anchieta, 73 - Centro, Magé - RJ, 25900-106, Brazil",+55 21 99938-6211,+55 42 3273-2221,http://www.sorriasimclinicas.com.br/,documentos@gruposorriasim.com.br,5,105,@sorriasimclinicas,https://www.facebook.com/sorriasimclinicas,sem email,7
GGuimarães Advocacia,advogado,Magé,"Edifício Portugal - Praça Dr. Nilo Peçanha, 137 - sala: 211 - Magé, RJ, 25900-088, Brazil",+55 21 99595-1817,,http://advguimaraes.com.br/,contato@gabriel.adv.br,5,23,,,sem Instagram,7
MMarinho Advogados,advogado,Queimados,"R. Manoel Chagas, 33 - Centro, Queimados - RJ, 26325-140, Brazil",+55 21 98724-2051,,https://mmarinhoadvogados.com.br/,dr.marcelomarinho.adv@gmail.com,4.9,112,,,sem Instagram,7
Anderson Pereira e Paulo Rubim Advogado criminalista,advogado,Nova Iguaçu,"R. Otávio Tarquino, 410 - sala 707 - Centro, Nova Iguaçu - RJ, 26215-342, Brazil",+55 21 96957-1981,+55 21 9695-71981,https://andersonpereiraepaulorubim.com.br/,anserson_fight@hotmail.com,5,127,@andersonpereiraepaulorubim,,sem email,7
Gabriel Marques Advogado em Nova Iguaçu,advogado,Nova Iguaçu,"Tv. Almerinda Lucas de Azevedo, 11 - SL 703 - Centro, Nova Iguaçu - RJ, 26210-180, Brazil",+55 21 97879-4176,,https://gabrieladvogado.com/direito-previdenciario/,contato@gabrieladvogado.com,5,171,,,sem Instagram,7
Anderson Bahia Advocacia,advogado,Belford Roxo,"Tv. Paladino García, 5 - loja 1 - Vila Madalena, Belford Roxo - RJ, 26130-290, Brazil",+55 21 96435-8670,+55 21 9838-05516,http://www.andersonbahiaadvocacia.com.br/,tavcontabilidade.adm@gmail.com,4.9,74,@anderson_bahia_advogados,facebook.com/AndersonBahiaAdvogados,sem email,7
PS ADVOGADO,advogado,Seropédica,"ao lado da CEMERU de Seropédica - Rua 31 de Março nº 3B - Boa Esperança, Seropédica - RJ, 23894-882, Brazil",+55 21 97107-8670,,https://psadvogadorj.com.br/,contato@psadvogadorj.com.br,4.9,116,,,sem Instagram,7
Dr. Bruno Carvalho Advocacia - Unidade 25 de Agosto - Matriz,advogado,Duque de Caxias,"Av. Brg. Lima e Silva, 1939 - Sala 1005 - Jardim 25 de Agosto, Duque de Caxias - RJ, 25071-181, Brazil",+55 21 98233-0580,,https://drbrunocarvalho.com/,dr.carvalho.penal@gmail.com,5,100,,,sem Instagram,7
Advogado Joseph Piñeiro - Itaguaí,advogado,Itaguaí,"Av. Dep. Octávio Cabral, 95 - Sala - Centro, Itaguaí - RJ, 23810-301, Brazil",+55 21 98028-4009,,https://josephpineiroadv.com.br/,contato@josephpineiroadv.com.br,5,94,,,sem Instagram,7
M.R. Freitas Advocacia,advogado,Japeri,"4, Praça Olávo Bilac, 32 - Eng. Pedreira, Japeri - RJ, 20041-010, Brazil",+55 21 2664-2073,,http://mrfreitas.adv.br/,mrfreitas@mrfreitas.adv.br,4.1,46,,,sem Instagram,7
Thiago Garcia - Advogado em Japeri e todo estado do Rio de Janeiro,advogado,Japeri,"Av. Leni Ferreira, 186 - loja - Centro de Japeri, Japeri - RJ, 26435-210, Brazil",+55 21 97079-7915,+55 21 9707-97915,http://www.thiagogarcia.adv.br/,thiagogarcialaviju@gmail.com,5,80,@thiagogarcia_adv,,sem email,7
Ória Concept Estética Avançada,clínica estética,Duque de Caxias,"Rod. Washington Luiz, 2550 - bloco 2 sala 1122 - Parque Sarapuí, Duque de Caxias - RJ, 25085-610, Brazil",+55 21 97091-0583,+55 21 9709-10583,https://oriaconcept.com.br/,legalizacao@a6contabilidade.com.br,5,23,@oria.concept,https://www.facebook.com/oriaconcept,sem email,7
Dra Monize Monteiro - Biomédica,clínica estética,Belford Roxo,"R. Roberto Rocha, 482 - Centro, Belford Roxo - RJ, 26130-230, Brazil",+55 21 98741-6746,+55 21 9874-16746,https://xn--estticammassis-dkb.com.br/,ninhassys@gmail.com,5,40,@dra.monizemonteiro,,sem email,7
DermAPClinic,clínica estética,Nilópolis,"Praça Ver. Orlando Hungria, 16 - Centro, Nilópolis - RJ, 26520-340, Brazil",+55 21 97695-6446,+55 21 9929-49300,https://airgo.bio/dermapclinic,priscylla_19@hotmail.com,5,16,@dermap_clinic,,sem email,7
Thamiris Godoy Primor Estetica,clínica estética,Guapimirim,"R. Mateus Sommer - Vale do Jequitibá, Guapimirim - RJ, 25946-619, Brazil",+55 21 98535-6134,,https://thamirisgodoy.com.br/,contato@thamirisgodoy.com.br,5,5,@thamirisgodoy.rj,https://www.facebook.com/primorestetica.rj,,7
Bel Dent,dentista,Belford Roxo,"Av. Retiro da Imprensa, 1385 - Piam, Belford Roxo - RJ, 26112-180, Brazil",+55 21 2762-2617,,,beldentyodontologia@gmail.com,4.6,16,,,SEM SITE - oportunidade! | sem email | sem Instagram,6
Clínica odontológica Sorria Rio - Belford Roxo,dentista,Belford Roxo,"Praça Getúlio Vargas, 64 - Centro, Belford Roxo - RJ, 26130-070, Brazil",+55 21 96745-0449,,,contabil@clinicasinteligentes.com.br,4.9,985,,,SEM SITE - oportunidade! | sem email | sem Instagram,6
Service Odonto Duque de Caxias 2,dentista,Duque de Caxias,"Av. Governador Leonel de Moura Brizola, 1699 - Sls. 101 à 104 - Centro, Duque de Caxias - RJ, 25010-009, Brazil",+55 21 98744-2039,,,isac.escritorio@globo.com,5,213,,,SEM SITE - oportunidade! | sem email | sem Instagram,6
Roberta Coelho,dentista,Guapimirim,"Av. Itá, 30 - Loja 3 - Centro, Guapimirim - RJ, 25940-000, Brazil",+55 21 98869-9717,,,,4.9,61,,,SEM SITE - oportunidade! | sem email | sem Instagram,6
Prado odontologia,dentista,Guapimirim,"Av. Dedo de Deus, 48 - Centro, Guapimirim - RJ, 25946-244, Brazil",+55 21 2632-2539,,,jadimarleal@gmail.com,5,371,,,SEM SITE - oportunidade! | sem email | sem Instagram,6
Blanc Odontologia,dentista,Guapimirim,"R. Eduardo García, 155 - loja 01 - Centro, Guapimirim - RJ, 25940-000, Brazil",+55 21 97219-7949,,,,5,26,,,SEM SITE - oportunidade! | sem email | sem Instagram,6
Lovatte & Freire Odontologia,dentista,Guapimirim,"Av. Dedo de Deus, 611 - Centro, Guapimirim - RJ, 25946-244, Brazil",+55 21 2632-2809,,,,5,230,,,SEM SITE - oportunidade! | sem email | sem Instagram,6
Dra. Anna Mello - Harmonização Facial,dentista,Guapimirim,"Av. Dedo de Deus, 270 - Vila Constancia, Guapimirim - RJ, 25940-000, Brazil",+55 21 97479-1806,,https://www.instagram.com/dra.annamello/,demelloannaluiza@gmail.com,5,16,@dra.annamello,,Site é só Instagram | sem email,6
Guapi Odonto / implante e Estética,dentista,Guapimirim,"Av. Dedo de Deus - Guapimirim, RJ, 25946-244, Brazil",+55 21 98588-0079,,,atendimento@guapiimplante.com.br,5,156,,,SEM SITE - oportunidade! | sem email | sem Instagram,6
ODONTOCENTER,dentista,Magé,"Av. Padre Anchieta, 42 - Magé, RJ, 25900-106, Brazil",+55 21 2633-1034,,,mage@odontocompany.com,4.5,73,,,SEM SITE - oportunidade! | sem email | sem Instagram,6
OralDents Guapimirim - Clínica Odontológica,dentista,Guapimirim,"Av. Dedo de Deus, 591 - sala 4 - Guapimirim, RJ, 25946-280, Brazil",+55 21 99827-8664,,https://www.instagram.com/oraldentsguapimirim/?igsh=ZXlpaHo2Z3AzcXYx&utm_source=qr,packdanielly@gmail.com,5,45,@oraldentsguapimirim,,Site é só Instagram | sem email,6
Dentista Dra. Verônica Conde,dentista,Nova Iguaçu,"Av. Dr. Mario Guimarães, 428 - sala 931 - Centro, Nova Iguaçu - RJ, 26255-230, Brazil",+55 21 99874-1548,,,draveronicaconde@gmail.com,5,44,,,SEM SITE - oportunidade! | sem email | sem Instagram,6
"Dra MAYARA RIBEIRO - DENTISTA EM NOVA IGUAÇU- CENTRO - ESPECIALISTA; ORTODONTIA,.IMPLANTES , CLÍNICA GERAL, PRÓTESE DENTÁRIA,",dentista,Nova Iguaçu,"LADO DA CAIXA ECONÔMICA - R. Quintino Bocaiúva, 25 - Sala 511 AO - Centro, Nova Iguaçu - RJ, 26210-150, Brazil",+55 21 97600-9960,,,conasc.contabilidade@gmail.com,5,103,,,SEM SITE - oportunidade! | sem email | sem Instagram,6
Dentistas99,dentista,São João de Meriti,"Av. Dr. Arruda Negreiros, 99 - Centro, São João de Meriti - RJ, 25520-001, Brazil",+55 21 99667-8748,,,dentistas99@gmail.com,4.3,71,,,SEM SITE - oportunidade! | sem email | sem Instagram,6
Sorriso Carioca,dentista,São João de Meriti,"R. São João Batista, 190 - Centro, São João de Meriti - RJ, 21515-520, Brazil",+55 21 98093-8878,,,sorrisocarioca1@gmail.com,4.9,43,,,SEM SITE - oportunidade! | sem email | sem Instagram,6
Clínica Odontológica Sorria Rio,dentista,São João de Meriti,"R. da Matriz - Centro, São João de Meriti - RJ, 25520-640, Brazil",+55 21 2756-4775,,,sorriarhdp08@gmail.com,4.2,146,,,SEM SITE - oportunidade! | sem email | sem Instagram,6
DentPop Clinica Odontológica,dentista,Magé,"R. Dr. Siqueira, 430 - Sala 1 - Centro, Magé - RJ, 25900-094, Brazil",+55 21 2633-5010,,https://www.instagram.com/dentpop.odonto/,dentpopodontopiabeta@gmail.com,5,26,@dentpop.odonto,,Site é só Instagram | sem email,6
Sorria Rio,dentista,Nilópolis,"R. Prof. Alfredo Gonçalves Figueira, 128 - Centro, Nilópolis - RJ, 26525-060, Brazil",+55 21 99866-9796,,,contabil@clinicasinteligentes.com.br,4.4,485,,,SEM SITE - oportunidade! | sem email | sem Instagram,6
Mais Sorriso - Odontologia,dentista,Nilópolis,"Av. Getúlio de Moura, 1527 - Centro, Nilópolis - RJ, 26525-001, Brazil",+55 21 2691-7100,,,maissorrisossjm@gmail.com,4.1,62,,,SEM SITE - oportunidade! | sem email | sem Instagram,6
Odonto On,dentista,Nilópolis,"Estr. Mirandela, 44 - Sala 101 - Centro, Nilópolis - RJ, 26520-332, Brazil",+55 21 99026-1134,,,clinicaorthoon@gmail.com,5,68,,,SEM SITE - oportunidade! | sem email | sem Instagram,6
Dra Isadora Correa Sant'anna,dentista,Nova Iguaçu,"Av. Dr. Mario Guimarães, 318 - Sala 501 - Centro, Nova Iguaçu - RJ, 26255-230, Brazil",+55 21 3745-8668,,,henricontabilidadefiscal@gmail.com,5,133,,,SEM SITE - oportunidade! | sem email | sem Instagram,6
Consultório Odontológico Dra. Thuany Moreira,dentista,São João de Meriti,"R. Santo Antônio, 91 - Sala 106 - Centro, São João de Meriti - RJ, 25515-260, Brazil",+55 21 99722-4781,,https://www.instagram.com/thuanymoreira/,imagemritual.lab@gmail.com,4.9,37,@thuanymoreira,,Site é só Instagram | sem email,6
Nova Implanto - Clínica Odontológica,dentista,Nova Iguaçu,"R. Cel. Francisco Soares, 46 - Sala 210 - Centro, Nova Iguaçu - RJ, 26216-032, Brazil",+55 21 99865-4766,,https://www.instagram.com/novaimplanto/,mcsg210375@gmail.com,4.9,171,@novaimplanto,,Site é só Instagram | sem email,6
CLÍNICA ODONTOLÓGICA SIGMA SAÚDE,dentista,Magé,"Rua Coronel Macieira, 61 - Centro, Magé - RJ, 25900-150, Brazil",+55 21 96442-2541,,https://www.instagram.com/sigmasaudemage/,drawisllacurty@gmail.com,4.9,63,@sigmasaudemage,,Site é só Instagram | sem email,6
Dr. Luiz Marotti – Dentista em Eng. Pedreira,dentista,Japeri,"Praça Olávo Bilac, 104 - Eng. Pedreira, Japeri - RJ, 26445-010, Brazil",+55 21 98078-5066,,,rodrigomaracaja@bol.com.br,5,26,,,SEM SITE - oportunidade! | sem email | sem Instagram,6
Centro Oral Luigi Russo,dentista,Japeri,"Av. Rui Barbosa, 23 - Cidade Sr. do Bonfim, Japeri - RJ, 26423-310, Brazil",+55 21 97716-3440,,https://www.instagram.com/inspirandosorrisos__/,thaisrusso92@gmail.com,4.9,35,@inspirandosorrisos__,,Site é só Instagram | sem email,6
CLINICA ODONTOLÓGICA MEU DENTISTA,dentista,Itaguaí,"Av. Paulo de Frontin, 26 - Centro, Itaguaí - RJ, 23815-490, Brazil",+55 21 98197-8087,,,espacocontador@gmail.com,4.6,19,,,SEM SITE - oportunidade! | sem email | sem Instagram,6
Primor odontologia e medicina,dentista,Queimados,"Av. Dr. Pedro Jorge, 68 - Queimados, RJ, 26383-060, Brazil",+55 21 97270-7766,,,edvaldolopesdealmeida@yahoo.com.br,5,52,,,SEM SITE - oportunidade! | sem email | sem Instagram,6
Consultório Odontológico Dra Viviane Nogueira,dentista,Queimados,"Av. Prof. Avelino Xanxão, 79 - Vila do Tinguá, Queimados - RJ, 26383-070, Brazil",+55 21 2779-8978,,,jbccontab@gmail.com,5,56,,,SEM SITE - oportunidade! | sem email | sem Instagram,6
Sorria Rio Queimados,dentista,Queimados,"Av. Irmãos Guinle, 1127 - Centro, Queimados - RJ, 26323-130, Brazil",+55 21 2665-5199,,,sorriarhdp08@gmail.com,4.5,358,,,SEM SITE - oportunidade! | sem email | sem Instagram,6
CONSULTÓRIO ODONTOLÓGICO MISSEN,dentista,Paracambi,"Av. dos Operários, 106b - Centro, Paracambi - RJ, 26600-000, Brazil",+55 21 96776-7851,,,odontovitoriamisssen@gmail.com,5,16,,,SEM SITE - oportunidade! | sem email | sem Instagram,6
Orlando Izolani Odontologia,dentista,Paracambi,"Shopping Estação - R. Pref. Délio Basílio Leal, 500 - Sala 116 - Centro, Paracambi - RJ, 26600-000, Brazil",+55 21 2683-3440,,,orlando.izolani@hotmail.com,4.9,18,,,SEM SITE - oportunidade! | sem email | sem Instagram,6
Odontolages,dentista,Paracambi,"R. Bezerra de Menezes, 660 - Lages, Paracambi - RJ, 26600-000, Brazil",+55 21 2683-5274,,,drvitorbrodrigues@gmail.com,5,20,,,SEM SITE - oportunidade! | sem email | sem Instagram,6
Clínica Sorria 360 - Lages,dentista,Paracambi,"PRAÇA DO MIRO - PC EXPEDICIONARIO NILO GAMA FLORES, 59 - Loja - Lages, Paracambi - RJ, 26600-000, Brazil",+55 21 99785-7925,,,clinicasorria360@gmail.com,5,77,,,SEM SITE - oportunidade! | sem email | sem Instagram,6
Consultório Odontológico Juliana Teixeira,dentista,Mesquita,"R. Ambrósio, 420 - Vila Emil, Mesquita - RJ, 26580-250, Brazil",+55 21 98149-1232,,,dra.julianateixeira2812@gmail.com,5,33,,,SEM SITE - oportunidade! | sem email | sem Instagram,6
